TITLE: Bill of Materials
BOM NO: 05-073637-01-c.csv
DATE: 09/11/2023
DESIGN: 02_073637c_top
TEMPLATE: Z:\allegro\v174_site\cdssetup\template.bom
CALLOUT: C:\tmp\20_073637c\worklib\02_073637c_top\bom\mech.callouts

ITEM#,Qty,WW_PN,DESCRIPTION," VALUE",JEDEC_TYPE,TOL,VOLTAGE,WATTAGE,LOCATION,MFG," MFG_PN",HLM_STATUS,STOCKROOM_WL,STOCKROOM_GT,STOCKROOM_LK,STOCKROOM_GBO,STOCKROOM_NSH,CUSTOM_PART,DNI
1,1,08_073637c,PCB,?,?,?,?,?,?,Analog Devices Supplied,08_073637c,N/A,?,?,?,?,?,?,?
2,1,E061377,ANTENNA 3.7DBI GAIN  2.4GHZ MID SMT 50 OHM," 479480001",ASML126W126H161,N/A,N/A,2W,ANT1,MOLEX," 479480001",REL,N/A,N/A,N/A,N/A,N/A,?,?
3,4,E021938,CAP CER 4.7pF 50V 0.05pF C0G 0402," 4.7pF",C0402,0.05pF,50V,N/A,"C1,C4,C6,C9",MURATA," GJM1555C1H4R7WB01D",REL,N/A,N/A,N/A,N/A,N/A,?,?
4,5,E033215,CAP CER 47uF 16V 20% X5R 1206 SMPS FILTERING," 47uF",C1206H71,20,16V,N/A,"C8,C10,C12,C14,C37",TAIYO YUDEN," EMK316BBJ476ML-T",REL,N/A,N/A,N/A,N/A,N/A,?,?
5,41,E030257,CAP CER 0.47uF 6.3V 10% X7R 0402 AEC-Q200," 0.47uF",C0402H22,10,6.3V,N/A,"C13,C20,C32,C36,C39,C42,C47,C50,C51,C56,C58,C60,C61,C66,C67,C70,C71,C74,C75,C76,C79,C80,C81,C82,C83,C84,C85,C87,C96,C98,C100,C108,C111,C112,C114,C116,C118,C119,C120,C122,C129",TAIYO YUDEN," JMK105B7474KVHF",REL,N/A,N/A,N/A,N/A,N/A,?,?
6,2,E013767,CAP CER 0.22uF 50V 10% X8R 1206," 0.22uF",C1206,10,50V,N/A,"C101,C102",TDK," C3216X8R1H224K",REL,N/A,N/A,N/A,N/A,7002194,?,?
7,1,E023441,CAP CER 1000pF 3000V 10% X7R 1812 AEC-Q200 LOW ESR," 1000pF",C1812H71,10,3000V,N/A,C103,KEMET," C1812C102KHRACTU",REL,N/A,N/A,N/A,N/A,N/A,?,?
8,2,E048915,CAP CER 100PF 2000V 10% X7R 1210," 100PF",C1210H75,10,2000V,N/A,"C104,C106",KEMET," C1210C101KGRACTU",REL,N/A,N/A,N/A,N/A,N/A,?,?
9,1,E048915,CAP CER 100PF 2000V 10% X7R 1210," 100PF",C1210H75,10,2000V,N/A,C105,KEMET," C1210C101KGRACTU",REL,N/A,N/A,N/A,N/A,N/A,CUSTOM_PART,?
10,16,E020089,CAP CER 4.7uF 6.3V 10% X5R 0402 LOW ESR," 4.7uF",C0402,10,6.3V,N/A,"C11,C16,C17,C19,C23,C34,C38,C48,C95,C107,C109,C110,C113,C115,C117,C121",TDK," C1005X5R0J475K050BC",REL,N/A,N/A,N/A,1661_CAB3,N/A,?,?
11,12,E026461,CAP CER 0.1uF 50V 10% X7R 0402 SOFT TERMINATION," 0.1uF",C0402,10,50V,N/A,"C29,C30,C55,C57,C72,C77,C78,C88,C90,C92,C93,C123",TDK," C1005X7R1H104K050BE",REL,N/A,N/A,N/A,N/A,N/A,?,?
15,2,E017662,CAP CER 22uF 50V 20% X5R 2220," 22uF",CAPSML256W217H217,20,50V,N/A,"C2,C15",TDK," CKG57NX5R1H226M",REL,N/A,N/A,N/A,N/A,7002942,?,?
16,1,E000289,CAP CER 4700pF 50V 10% X7R 0402," 4700pF",C0402,10,50V,N/A,C18,KEMET," C0402C472K5RACTU",REL,A004-0011-041,40302JH522,N/A,N/A,N/A,?,?
17,17,E019219,CAP CER 1uF 16V 10% 0402 LOW ESR," 1uF",C0402,10,16V,N/A,"C5,C21,C22,C24,C25,C26,C27,C28,C31,C33,C35,C40,C46,C49,C54,C59,C91",TDK," C1005X6S1C105K050BC",REL,N/A,N/A,N/A,N/A,7002703,?,?
18,1,E028468,CAP CER 4.7uF 50V 10% X7R 0805," 4.7uF",C0805H53,10,50V,N/A,C3,MURATA," GRM21BZ71H475KE15L",REL,N/A,N/A,N/A,N/A,N/A,?,?
19,1,E032690,CAP CER 1.2pF 50V 0.25pF C0G 0402 AEC-Q200," 1.2pF",C0402,0.25pF,50V,N/A,C41,MURATA," GCM1555C1H1R2CA16D",REL,N/A,N/A,N/A,N/A,N/A,?,?
21,2,E020029,CAP CER 12pF 50V 5% C0G 0201," 12pF",C0201,5,50V,N/A,"C44,C52",MURATA," GRM0335C1H120JA01D",REL,N/A,N/A,N/A,N/A,N/A,?,?
22,2,E045002,CAP CER 6PF 50V 0.1PF C0G 0402," 6PF",C0402,0.1pF,50V,N/A,"C45,C53",YAGEO," CC0402BRNPO9BN6R0",REL,N/A,N/A,N/A,N/A,N/A,?,?
23,2,E020722,CAP CER 15pF 50V 1% C0G 0402 AEC-Q200," 15pF",C0402,1,50V,N/A,"C62,C63",MURATA," GCM1555C1H150FA16D",REL,N/A,N/A,N/A,N/A,N/A,?,?
24,3,E032295,CAP CER 0.01uF 100V 10% X7S 0402," 0.01uF",C0402,10,100V,N/A,"C64,C65,C69",TDK," C1005X7S2A103K050BB",REL,N/A,N/A,N/A,N/A,N/A,?,?
25,1,E035107,CAP CER 0.68uF 10V 10% X7R 0603," 0.68uF",C0603,10,10V,N/A,C68,YAGEO," CC0603KRX7R6BB684",REL,N/A,N/A,N/A,N/A,N/A,?,?
26,1,E031200,CAP CER 220uF 6.3V 20% X5R 1210," 220uF",C1210-2,20,6.3V,N/A,C7,MURATA," GRM32ER60J227ME05L",REL,N/A,N/A,N/A,N/A,N/A,?,?
27,1,E048499,CAP CER 1UF 100V 10% X7S 0805," 1UF",C0805H55,10,100V,N/A,C73,MURATA," GRJ21BC72A105KE11L",REL,N/A,N/A,N/A,N/A,N/A,?,?
28,2,E013688,CAP CER 0.01uF 25V 10% X7R 0402 Low ESR," 0.01uF",C0402,10,25V,N/A,"C86,C89",TDK," C1005X7R1E103K050BB",REL,N/A,N/A,N/A,N/A,N/A,?,?
31,1,E005910,DIODE SCHOTTKY POWER RECTIFIER SMD," MBRA160T3G",SMA,N/A,60V,N/A,D1,ON SEMICONDUCTOR," MBRA160T3G",REL,ADD_TO_STOCK_3,40402JH186,N/A,N/A,7003974,?,?
32,3,E039538,"DIO SWITCHING GEN PURPOSE, 0.3A"," 1N4148X-TP",SOD523_B,N/A,75V,N/A,"D3,D4,D10",MICRO COMMERCIAL COMPONENTS," 1N4148X-TP",REL,N/A,N/A,N/A,N/A,N/A,?,?
34,2,E028177,"DIO TVS UNIDIRECTIONAL 2.5PF, 30A"," SP4020-01FTG",SOD323_B,N/A,3.3V,750W,"D2,D9","LITTELFUSE, INC."," SP4020-01FTG",REL,N/A,N/A,N/A,N/A,N/A,?,?
35,1,E028120,"LED, CHIP LAMP BI-COLOR CHIP, HIGH EFFICIENCY RED 627NM AND SUPER BRIGHT GREEN 565NM"," APTB1612ESGC-F01",LEDSML63W49H33,www.kingbright.com,2V/2.2V,N/A,D5,KINGBRIGHT ELECTRONIC," APTB1612ESGC-F01",REL,N/A,N/A,N/A,N/A,N/A,?,?
36,2,E022225,DIODE SINGLE CHANNEL SILICON ESD," SESD0201X1UN-0020-09",D0201,N/A,9V,N/A,"D6,D7",TE CONNECTIVITY," SESD0201X1UN-0020-09",REL,N/A,N/A,N/A,N/A,N/A,?,?
37,1,E048935,DIO TVS BIDIRECTIONAL 2A SOD323 AEC-Q101," D55V0M1B2WSQ-7",SOD323_B,N/A,100V,1/4W,D8,DIODES INCORPORATED," D55V0M1B2WSQ-7",REL,N/A,N/A,N/A,N/A,N/A,?,?
38,2,E026167,LED BLUE CLEAR 468NM," LTST-S220TBKT",LED0804,N/A,3.3V,0.076W,"DS1,DS2",LITE-ON TECHNOLOGY," LTST-S220TBKT",REL,N/A,N/A,N/A,N/A,N/A,?,?
39,1,E029804,"LED UNI-COLOR GREEN, 574NM"," APHHS1005CGCK",LED0402_A,N/A,2.1V,0.1025W,DS3,KINGBRIGHT," APHHS1005CGCK",REL,N/A,N/A,N/A,N/A,N/A,?,?
40,1,E032958,"LED SUPER BRIGHT YELLOW WATER CLEAR, 590NM"," APHHS1005LSYCK/J3-PF",LED0402H24,N/A,1.85V,3/40W,DS4,KINGBRIGHT ELECTRONIC," APHHS1005LSYCK/J3-PF",REL,N/A,N/A,N/A,N/A,N/A,?,?
41,6,E012241,IND CHIP FERRITE BEAD 100OHM 25% 100MHZ 4A 0.02OHM DCR 0805," 100OHM",L0805,25,N/A,N/A,"E1,E2,E3,E4,E5,E6",TDK," MPZ2012S101AT000",REL,N/A,N/A,N/A,N/A,7004820,?,?
42,1,E016128,FUSE PTC RESETTABLE," 0.5A",F0805,N/A,6V,0.5W,F3,BEL FUSE," 0ZCK0035FF2G",REL,N/A,N/A,N/A,N/A,6002529,?,?
43,1,E019410,IND SHIELDED POWER," 600nH",LSMSQ118H47,20,N/A,N/A,L1,COILCRAFT," XFL3012-601MEB",REL,N/A,N/A,N/A,N/A,7004768,?,?
44,1,E030942,"IND SHIELDED POWER, 0.0115OHM DCR, 9.8A"," 1.2UH",LSMSQ157H122,20,N/A,N/A,L2,COILCRAFT INC.," XEL4030-122MEB",REL,N/A,N/A,N/A,N/A,N/A,?,?
45,1,E022829,IND SHIELDED POWER," 1.5uH",LSMSQ118H47,20,N/A,N/A,L3,COILCRAFT," XFL3012-152MEB",REL,N/A,N/A,N/A,N/A,N/A,?,?
46,1,E015810,IND SHIELDED POWER," 1uH",LSMSQ118H47,20,N/A,N/A,L4,COILCRAFT," XFL3012-102MEB",REL,N/A,N/A,N/A,N/A,7004986,?,?
47,1,E017364,IND SM CHIP COILS," 4.3nH",L0402,0.3nH,N/A,N/A,L5,MURATA MANUFACTURING," LQG15HN4N3S02D",REL,N/A,N/A,N/A,N/A,7005181,?,?
48,1,E032119,"IND COMMON MODE CHOKE DUAL 1:1, 0.14OHM DCR 1.1A"," 470UH",LSML236W362H209,50,80V,N/A,L6,BOURNS," SRF0905A-471Y",REL,N/A,N/A,N/A,N/A,N/A,?,?
49,1,E027226,"INDUCTOR WIREWOUND COMMON MODE CHOKE COIL, 0.35OHM DCR, 0.33A"," 90OHMS AT 100MEGHZ",L0805-4PH39,25,50V,N/A,L7,MURATA," DLW21HN900SQ2L",REL,N/A,N/A,N/A,N/A,N/A,?,?
50,1,E038406,"MOD STANDALONE MULTI RADIO, OPEN CPU"," NINA-W102",MNINA_W102,N/A,N/A,N/A,M1,UBLOX," NINA-W102",REL,N/A,N/A,N/A,N/A,N/A,?,?
51,1,E061218,"CONN-PCB 3POS MALE SHROUDED WIRE TO BRD ST TOP ENTRY, 3.81MM PITCH, 3.5MM SOLDER TAIL, BLUE"," TBP02R2-381-03BE",CNCUITBP02R2-381-03,N/A,N/A,N/A,P1,CUI DEVICES," TBP02R2-381-03BE",REL,N/A,N/A,N/A,N/A,N/A,?,?
52,1,E052752,CONN-PCB USB 2.0 TYPE C RCP RA 16POS 0.5MM PITCH," 2137160001",CNMOLEX2137160001,N/A,N/A,N/A,P10,MOLEX," 2137160001",REL,N/A,N/A,N/A,N/A,N/A,?,?
53,4,E042653,"CONN-PCB 3POS MALE HDR UNSHROUDED 0.635MM SQ POST SINGLE ROW 5.84MM MATING POST, 2.54MM SOLDER TAIL, 2.54MM PITCH"," TSW-103-07-G-S",CNTHMHDR1X3L300W98H343,N/A,N/A,N/A,"P11,P50,P51,P55",SAMTEC INC.," TSW-103-07-G-S",REL,N/A,N/A,N/A,N/A,N/A,?,?
54,4,E028213,"CONN-PCB 1POS MALE UNSHROUDED 0.635MM SQ POST HDR, 5.84MM POST HEIGHT, 2.54MM SOLDER TAIL,  2.54MM PITCH,"," TSW-101-07-G-S",CNTHMHDR1X1L100W100H343,N/A,N/A,N/A,"P12,P15,P53,P54",SAMTEC INC.," TSW-101-07-G-S",REL,N/A,N/A,N/A,N/A,N/A,?,?
55,2,E022332,CONN-PCB HDR FEMALE 12POS RA GOLD 2.54MM PITCH," PPPC062LJBN-RC",CNHDRRA2X6H205,N/A,N/A,N/A,"P8,P13",SULLINS," PPPC062LJBN-RC",NON-PREF,N/A,N/A,N/A,N/A,N/A,?,?
56,1,E061381,"CONN-PCB 2POS MALE SHROUDED WIRE TO BRD ST TOP ENTRY, 3.81MM PITCH, 3.5MM SOLDER TAIL, BLUE"," TBP02R2-381-02",CNCUITTBP02R2-381-02,N/A,N/A,N/A,P14,CUI DEVICES," TBP02R2-381-02BE",REL,N/A,N/A,N/A,N/A,N/A,?,?
57,4,E031850,"CONN-PCB 2POS MALE HDR UNSHROUDED SINGLE ROW ST, 2.54MM PITCH, 5.84MM POST HEIGHT, 2.54MM SOLDER TAIL"," TSW-102-07-G-S",CNTHMHDR1X2L200W98H343,N/A,N/A,N/A,"P16,P17,P38,P56",SAMTEC INC.," TSW-102-07-G-S",REL,N/A,N/A,N/A,N/A,N/A,?,?
58,5,E020478,CONN-PCB RCPT 25MIL SQ POST 2.54MM P," SSQ-108-03-G-S",CNSAMTECSSQ-108-XX-X-S,N/A,N/A,N/A,"P2,P3,P4,P6,P7",SAMTEC," SSQ-108-03-G-S",REL,N/A,N/A,N/A,N/A,N/A,?,?
62,1,E020479,CONN-PCB RCPT 25MIL SQ POST 2.54MM PITCH," SSQ-110-03-G-S",CNSAMTECSSQ-110-XX-X-S,N/A,N/A,N/A,P5,SAMTEC," SSQ-110-03-G-S",REL,N/A,N/A,N/A,N/A,N/A,?,?
63,1,E023407,"CONN-PCB HDR 1.27MM PITCH, KEYING OPTION"," FTSH-105-01-L-DV-K",CNHDR2X5H245,N/A,N/A,N/A,P9,SAMTEC," FTSH-105-01-L-DV-K",REL,N/A,N/A,N/A,N/A,N/A,?,?
64,3,E018770,TRAN N-CHAN POWER MOSFET," BSS138LT1G",SOT23,N/A,50V,N/A,"Q1,Q2,Q3",ON SEMICONDUCTOR," BSS138LT1G",REL,N/A,N/A,N/A,N/A,1004217,?,?
65,1,E031823,TRAN P-CHANNEL ENHANCEMENT MODE MOSFET," DMP32D5SFB-7B",DFN3_1X0_6,N/A,30V,1/2W,Q4,DIODES INCORPORATED," DMP32D5SFB-7B",REL,N/A,N/A,N/A,N/A,N/A,?,?
66,4,E003749,RES SMD 1MEG Ohm 1% 1/10W 0402 AEC-Q200," 1MEG",R0402,1,N/A,1/10W,"R1,R5,R7,R12",PANASONIC," ERJ-2RKF1004X",REL,A003-0035-002,N/A,N/A,1686_CAB3,N/A,?,?
67,2,E043017,RES SMD 124 OHM 1% 1/10W 0402 AUTOMOTIVE," 124",R0402,1,N/A,1/10W,"R9,R10",PANASONIC," ERJ-2RKF1240X",REL,N/A,N/A,N/A,N/A,N/A,?,?
68,1,E022652,RES SMD 374K Ohm 1% 1/10W 0402 AEC-Q200," 374K",R0402,1,N/A,1/10W,R11,PANASONIC," ERJ-2RKF3743X",REL,N/A,N/A,N/A,N/A,N/A,?,?
69,17,E003751,RES SMD 10K Ohm 1% 1/10W 0402 AEC-Q200," 10K",R0402,1,N/A,1/10W,"R115,R117,R119,R120,R121,R128,R129,R133,R135,R136,R137,R141,R142,R143,R144,R165,R176",PANASONIC," ERJ-2RKF1002X",REL,A003-0035-004,41816DG719,N/A,N/A,7000582,?,?
70,3,E003758,RES SMD 499 Ohm 1% 1/10W 0402 AEC-Q200," 499",R0402,1,N/A,1/10W,"R116,R118,R122",PANASONIC," ERJ-2RKF4990X",REL,A003-0035-012,N/A,N/A,750_CAB3,N/A,?,?
72,1,E020530,RES SMD 1 Ohm 1% 1/6W 0402 AEC-Q200," 1",R0402,1,N/A,1/6W,R124,PANASONIC," ERJ-2BQF1R0X",REL,N/A,N/A,N/A,N/A,N/A,?,?
73,2,E003782,RES SMD 1.5K Ohm 1% 1/10W 0402 AEC-Q200," 1.5K",R0402,1,N/A,1/10W,"R125,R168",PANASONIC," ERJ-2RKF1501X",REL,A003-0035-039,41816DG1293,N/A,N/A,N/A,?,?
74,1,E007440,RES SMD 2.7K Ohm 1% 1/10W 0402 AEC-Q200," 2.7K",R0402,1,N/A,1/10W,R126,PANASONIC," ERJ-2RKF2701X",REL,N/A,N/A,N/A,N/A,7006603,?,?
75,1,E042731,RES SMD 10 OHM 5% 1/10W 0402 AEC-Q200," 10",R0402,5,N/A,1/10W,R127,PANASONIC," ERJ-2GEJ100X",REL,N/A,N/A,N/A,N/A,N/A,?,?
76,4,E008189,RES SMD 47K Ohm 1% 1/10W 0402 AEC-Q200," 47K",R0402,1,50V,1/10W,"R13,R14,R15,R16",PANASONIC," ERJ-2RKF4702X",REL,N/A,N/A,N/A,N/A,7007735,?,?
77,5,E042730,RES SMD 4.7K OHM 5% 1/10W 0402 AEC-Q200," 4.7K",R0402,5,N/A,1/10W,"R130,R138,R139,R166,R167",PANASONIC," ERJ-2GEJ472X",REL,N/A,N/A,N/A,N/A,N/A,?,?
78,2,E003750,RES SMD 49.9 Ohm 1% 1/10W 0402 AEC-Q200," 49.9",R0402,1,N/A,1/10W,"R131,R134",PANASONIC," ERJ-2RKF49R9X",REL,A003-0035-003,41816DG208,N/A,1023_CAB3,7007757,?,?
79,1,E003464,RES SMD 100K Ohm 5% 1/10W 0402 AEC-Q200," 100K",R0402,5,N/A,1/10W,R132,PANASONIC," ERJ-2GEJ104X",REL,N/A,N/A,N/A,N/A,7005773,?,?
80,2,E006643,RES SMD 4.99K Ohm 1% 1/10W 0402 AEC-Q200," 4.99K",R0402,1,N/A,1/10W,"R140,R146",PANASONIC," ERJ-2RKF4991X",REL,A003-0035-080,41816JH612,N/A,1263_CAB3,N/A,?,?
81,3,E003763,RES SMD 1K Ohm 1% 1/10W 0402 AEC-Q200," 1K",R0402,1,N/A,1/10W,"R4,R17,R145",PANASONIC," ERJ-2RKF1001X",REL,A003-0035-019,N/A,N/A,751_CAB3,7001202,?,?
82,1,E031023,RES SMD 4.7MEG Ohm 5% 1/2W 2010 HIGH VOLTAGE," 4.7MEG",R2010,5,N/A,1/2W,R147,BOURNS," CHV2010-JW-475ELF",REL,N/A,N/A,N/A,N/A,N/A,?,?
83,2,E010093,RES SMD 0 Ohm 5% 1/4W 1206 AEC-Q200," 0",R1206,5,200V,1/4W,"R148,R151",VISHAY," CRCW12060000Z0EA",REL,N/A,N/A,N/A,N/A,7000021,?,?
84,2,E003331,RES SMD 1MEG Ohm 1% 1/4W 1206 AEC-Q200," 1MEG",R1206,1,N/A,1/4W,"R149,R150",PANASONIC," ERJ-8ENF1004V",REL,A003-0018-166,N/A,FEC 912-839,N/A,7006493,?,?
85,1,E003481,RES SMD 100 Ohm 1% 1/8W 0805 AEC-Q200," 100",R0805,1,N/A,1/8W,R152,PANASONIC," ERJ-6ENF1000V",REL,A003-0027-001,41816DG323,FEC 911-732,N/A,7005738,?,?
86,2,E003285,RES SMD 10K Ohm 1% 1/4W 1206 AEC-Q200," 10K",R1206,1,N/A,1/4W,"R153,R154",PANASONIC," ERJ-8ENF1002V",REL,A003-0018-119,41816JH452,FEC 912-591,979_CAB4,7005883,?,?
87,2,E010267,RES SMD 5.1K Ohm 0.1% 1/16W 0402 AEC-Q200 HIGH RELIABILITY," 5.1K",R0402,0.1,25V,1/16W,"R157,R158",PANASONIC," ERA-2AEB512X",REL,A003-0093-008,41816DG1569,N/A,N/A,N/A,?,?
93,1,E035329,RES SMD 191K Ohm 1% 1/10W 0402 AEC-Q200," 191K",R0402,1,N/A,1/10W,R2,PANASONIC," ERJ-2RKF1913X",REL,N/A,N/A,N/A,N/A,N/A,?,?
94,1,E025055,RES SMD 5.76K Ohm 1% 1/10W 0402 AEC-Q200," 5.76K",R0402,1,N/A,1/10W,R3,PANASONIC," ERJ-2RKF5761X",REL,N/A,N/A,N/A,N/A,N/A,?,?
95,1,E008277,RES SMD 316K Ohm 1% 1/10W 0402 AEC-Q200," 316K",R0402,1,50V,1/10W,R6,PANASONIC," ERJ-2RKF3163X",REL,N/A,41816JH1422,N/A,N/A,7007258,?,?
96,1,E033372,RES SMD 806K Ohm 1% 1/10W 0603 AEC-Q200," 806K",R0603,1,N/A,1/10W,R8,PANASONIC," ERJ-3EKF8063V",REL,N/A,N/A,N/A,N/A,N/A,?,?
97,1,E016303,SWITCH ULTRA SMALL TACTILE," B3U-1000P",SWSML118W98H69,N/A,N/A,N/A,S1,OMRON," B3U-1000P",REL,N/A,N/A,N/A,N/A,6003208,?,?
98,1,E019204,SWITCH TACTILE SPST-NO," PTS645SH50SMTR92LFS",SWSMSQ236H197,N/A,12V,N/A,S2,C&AMP;K COMPONENTS," PTS645SH50SMTR92 LFS",REL,N/A,N/A,N/A,N/A,6003261,?,?
99,1,E059268,SWITCH LOW PROFILE HALF PITCH SPST 2 RECESSED SLIDE 0.025A 24V," KAN1102RT",SWSML148W177H69,N/A,24V,N/A,S3,"E-SWITCH, INC."," KAN1102RT",REL,N/A,N/A,N/A,N/A,N/A,?,?
100,1,E034219,"SWITCH SLIDE DIP SPST, 0.025A"," 416131160803",SWSML196W228H98,N/A,24V,N/A,S4,WURTH ELEKTRONIK," 416131160803",REL,N/A,N/A,N/A,N/A,N/A,?,?
102,1,E058743,"IC-ADI ARM CORTEX-M4 WITH FPU MICROCONTROLLER AND BLE 5 FOR INDUSTRIAL AND WEARABLES, PRELIM"," MAX32690GWE+",WLCSP140_4_492X4_532H0_69,N/A,N/A,?,U1,ANALOG DEVICES," MAX32690GWE+",RWC,N/A,N/A,N/A,N/A,N/A,?,?
104,1,E049968,"IC ROBUST, INDUSTRIAL, LOW POWER 10BASE-T1L ETHERNET MAC-PHY"," ADIN1110CCPZ",QFN40_6X6_PAD3_5X3_5,N/A,N/A,?,U2,ANALOG DEVICES," ADIN1110CCPZ",REL,N/A,N/A,N/A,N/A,N/A,?,?
105,1,E058915,IC-ADI 42V/2A + 3X 8V/1A. 2MHZ QUAD MONOLITHIC SYNCHRONOUS STEP-DOWN REGULATOR," LT8692SIV#PBF",QFN20_4X3_PAD2_40X1_40_05-08-1524,N/A,N/A,?,U3,ANALOG DEVICES," LT8692SIV#PBF",REL,N/A,N/A,N/A,N/A,N/A,?,?
106,1,E027536,"IC DUAL 4A IDEAL DIODES WITH ADJ CURRENT LIMIT, 1.7V - 5.5V"," LTC4415EMSE#PBF",MSOP16_PAD2_845X1_651,N/A,N/A,?,U4,LINEAR TECHNOLOGY," LTC4415EMSE#PBF",REL,N/A,N/A,N/A,N/A,N/A,?,?
107,1,E060310,"IC 1.8V, 64M BIT SERIAL FLASH MEMORY"," MX25U6432FM2I02",SOP8_A,N/A,N/A,?,U5,MACRONIX," MX25U6432FM2I02",REL,N/A,N/A,N/A,N/A,N/A,?,?
108,2,E060311,IC PSRAM 512MBIT HYPERBUS AEC-Q100," S80KS5122GABHM020",BGA24_8X6,N/A,N/A,?,"U6,U7",INFINEON TECHNOLOGIES," S80KS5122GABHM020",REL,N/A,N/A,N/A,N/A,N/A,?,?
109,1,E059230,IC-ADI ULTRA LOW-POWER CRYPTOGRAPHIC CONTROLLER WITH CHIP DNA FOR EMBEDDED DEVICES," MAXQ1065GTC+",DFN12_3X3_PAD2_5X1_7,N/A,N/A,?,U8,ANALOG DEVICES," MAXQ1065GTC+",REL,N/A,N/A,N/A,N/A,N/A,?,?
111,1,E051324,XTAL 25MEGHZ 10PPM 10PF 80 OHM," 25MEGHZ",YSML79W63H20,10PPM,N/A,N/A,Y1,EPSON TOYOCOM," FA-128 25.0000MF20X-K0",REL,N/A,N/A,N/A,N/A,N/A,?,?
112,1,E017803,IC CRYSTAL ULTRA MINI SIZE LOW PROFILE 8PF," 32MEGHZ",YSML79W63H20,N/A,N/A,N/A,Y2,EPSON TOYOCOM," FA-128, 32MHZ, 10PPM, 8PF",REL,N/A,N/A,N/A,N/A,1006438,?,?
113,1,E058949,IC CRYSTAL 32.768KHZ 5PF TUNING FORK," 32.768KHZ",YSML65W41H20,20PPM,N/A,N/A,Y3,"ECS, INC."," ECS-.327-5-16-TR",REL,N/A,N/A,N/A,N/A,N/A,?,?

Callouts File:C:\tmp\20_073637c\worklib\02_073637c_top\bom\mech.callouts
Mechanical Parts
ITEM#,Qty,WW_PN,DESCRIPTION," VALUE",JEDEC_TYPE,TOL,VOLTAGE,WATTAGE,LOCATION,MFG," MFG_PN",HLM_STATUS,STOCKROOM_WL,STOCKROOM_GT,STOCKROOM_LK,STOCKROOM_GBO,STOCKROOM_NSH,CUSTOM_PART,DNI
2,20,M017967,"SOCKET, 2POS, 0.100 PITCH,CONN SHUNT BLK OPEN TOP"," ?",JPF1X2L200W100H550P100,?,?,?,?,SAMTEC," SNT-100-BK-G-H",REL,N/A,N/A,N/A,N/A,N/A,?,?


The following components are part of the PCB or are NOT to be installed
ITEM#,Qty,WW_PN,DESCRIPTION," VALUE",JEDEC_TYPE,TOL,VOLTAGE,WATTAGE,LOCATION,MFG," MFG_PN",HLM_STATUS,STOCKROOM_WL,STOCKROOM_GT,STOCKROOM_LK,STOCKROOM_GBO,STOCKROOM_NSH,CUSTOM_PART,DNI
 12,4,E020089,CAP CER 4.7uF 6.3V 10% X5R 0402 LOW ESR," 4.7uF",C0402,10,6.3V,N/A,"C124,C126,C128,C131",TDK," C1005X5R0J475K050BC",REL,N/A,N/A,N/A,1661_CAB3,N/A,?,DNI
 13,1,E015930,CAP CER 2.2uF 6.3V 20% X5R 0402," 2.2uF",C0402H22,20,6.3V,N/A,C125,TAIYO YUDEN," JMK105BJ225MV-F",REL,N/A,N/A,N/A,N/A,7002809,?,DNI
 14,2,E030257,CAP CER 0.47uF 6.3V 10% X7R 0402 AEC-Q200," 0.47uF",C0402H22,10,6.3V,N/A,"C127,C130",TAIYO YUDEN," JMK105B7474KVHF",REL,N/A,N/A,N/A,N/A,N/A,?,DNI
 20,1,E032690,CAP CER 1.2pF 50V 0.25pF C0G 0402 AEC-Q200," 1.2pF",C0402,0.25pF,50V,N/A,C43,MURATA," GCM1555C1H1R2CA16D",REL,N/A,N/A,N/A,N/A,N/A,?,DNI
 29,1,E026461,CAP CER 0.1uF 50V 10% X7R 0402 SOFT TERMINATION," 0.1uF",C0402,10,50V,N/A,C94,TDK," C1005X7R1H104K050BE",REL,N/A,N/A,N/A,N/A,N/A,?,DNI
 30,2,E033595,CAP CER 150pF 50V 1% C0G 0805 EXTREME LOW ESR," 150pF",C0805H30,1,50V,N/A,"C97,C99",KEMET," C0805C151F5GACTU",REL,N/A,N/A,N/A,N/A,N/A,?,DNI
 33,1,E026228,"DIO ZENER, COMMERCIAL GRADE"," BZT52C2V0-7-F",SOD123-2,5,2V,0.370W,D11,DIOS INCORPORATED," BZT52C2V0-7-F",REL,N/A,N/A,N/A,N/A,N/A,?,DNI
 59,8,E022242,CONN-PCB MICRO PIN," 1405-2",CNKEY1405-2,N/A,N/A,N/A,"P24,P25,P27,P28,P29,P30,P31,P39",KEYSTONE ELECTRONICS," 1405-2",REL,N/A,N/A,N/A,N/A,N/A,?,DNI
 60,1,E057326,CONN-PCB 1POS PIN RECEPTACLE 20-32MIL PIN DIA," 0338-0-15-15-15-27-10-0",CNMILLMAX0338,N/A,N/A,N/A,P26,MILL-MAX," 0338-0-15-15-15-27-10-0",REL,N/A,N/A,N/A,N/A,N/A,?,DNI
 61,14,E020606,CONN-PCB MICRO PIN," 1999-3",CNKEY1999-3,N/A,N/A,N/A,"P32,P33,P34,P35,P36,P40,P41,P42,P43,P44,P47,P48,P49,P52",KEYSTONE ELECTRONICS," 1999-3",REL,N/A,N/A,N/A,N/A,N/A,?,DNI
 71,1,E004049,"DO NOT INSTALL (TBD_R0402), PLEASE USE SYM_3 AND/OR SYM_4"," TBD0402",R0402,TBD0402,N/A,TBD0402,R123,TBD0402," TBD0402",REL,TBD0402,N/A,N/A,N/A,N/A,?,DNI
 88,1,E006643,RES SMD 4.99K Ohm 1% 1/10W 0402 AEC-Q200," 4.99K",R0402,1,N/A,1/10W,R169,PANASONIC," ERJ-2RKF4991X",REL,A003-0035-080,41816JH612,N/A,1263_CAB3,N/A,?,DNI
 89,2,E004033,RES SMD 200K Ohm 1% 1/10W 0402 AEC-Q200," 200K",R0402,1,N/A,1/10W,"R170,R175",PANASONIC," ERJ-2RKF2003X",REL,A003-0035-064,N/A,N/A,1617_CAB3,7006691,?,DNI
 90,2,E003758,RES SMD 499 Ohm 1% 1/10W 0402 AEC-Q200," 499",R0402,1,N/A,1/10W,"R171,R173",PANASONIC," ERJ-2RKF4990X",REL,A003-0035-012,N/A,N/A,750_CAB3,N/A,?,DNI
 91,1,E008189,RES SMD 47K Ohm 1% 1/10W 0402 AEC-Q200," 47K",R0402,1,50V,1/10W,R172,PANASONIC," ERJ-2RKF4702X",REL,N/A,N/A,N/A,N/A,7007735,?,DNI
 92,1,E003763,RES SMD 1K Ohm 1% 1/10W 0402 AEC-Q200," 1K",R0402,1,N/A,1/10W,R174,PANASONIC," ERJ-2RKF1001X",REL,A003-0035-019,N/A,N/A,751_CAB3,7001202,?,DNI
 101,1,E042298,XFMR 10/100/1000 SUPER TINY SIGNAL BASE-T," 74930000",TSML185W127H114_A,N/A,N/A,N/A,T1,WURTH ELEKTRONIK," 74930000",REL,N/A,N/A,N/A,N/A,N/A,?,DNI
 103,1,E032393,"IC-ADI 0.25PPM NOISE, LOW DRIFT PRECISION REFERENCES, 1.25VOUT"," LTC6655BHMS8-1.25#PBF",MSOP8,N/A,N/A,?,U10,ANALOG DEVICES," LTC6655BHMS8-1.25#PBF",REL,N/A,N/A,N/A,N/A,N/A,?,DNI
 110,1,E040922,"IC-ADI 20V, 0.2A ULTRA LOW NOISE, ULTRAHIGH PSRR PRECISION DAC/REFERENCE BUFFER"," LT3040EMSE#PBF",MSOP12_PAD2_845X1_651,N/A,N/A,?,U9,ANALOG DEVICES," LT3040EMSE#PBF",REL,N/A,N/A,N/A,N/A,N/A,?,DNI

