TITLE: Bill of Materials
BOM NO: 05-075922-01-a.csv
DATE: 06/29/2023
DESIGN: 02_075922a_top
TEMPLATE: Z:\allegro\v174_site\cdssetup\template.bom
CALLOUT: 

ITEM#,Qty,WW_PN,DESCRIPTION," VALUE",JEDEC_TYPE,TOL,VOLTAGE,WATTAGE,LOCATION,MFG," MFG_PN",HLM_STATUS,STOCKROOM_WL,STOCKROOM_GT,STOCKROOM_LK,STOCKROOM_GBO,STOCKROOM_NSH,CUSTOM_PART,DNI
1,1,08_075922a,PCB,?,?,?,?,?,?,Analog Devices Supplied,08_075922a,N/A,?,?,?,?,?,?,?
2,10,E025708,CAP CER 0.1uF 25V 10% X7R 0402 AEC-Q200," 0.1uF",C0402,10,25V,N/A,"C1,C2,C3,C4,C5,C14,C15,C16,C17,C18",TAIYO YUDEN," TMK105B7104KVHF",REL,N/A,N/A,N/A,N/A,N/A,?,?
3,2,E018707,CAP CER 0.1uF 16V 10% X7R 0402," 0.1uF",C0402,10,16V,N/A,"C10,C25",KEMET," C0402C104K4RACTU",REL,N/A,N/A,N/A,N/A,7002106,?,?
4,1,E007982,CAP CER 10pF 50V 5% C0G 0402," 10pF",C0402,5,50V,N/A,C11,YAGEO," CC0402JRNPO9BN100",REL,A004-0011-015,N/A,N/A,146_BIN2-6A,7002459,?,?
6,1,E042072,CAP CER 22uF 6.3V 20% X7R 1206 AEC-Q200," 22uF",C1206H71,20,6.3V,N/A,C13,TDK," CGA5L1X7R0J226M160AC",REL,N/A,N/A,N/A,N/A,N/A,?,?
7,1,E008193,CAP ALUM POLY 220uF 6.3V 20% 6.3X5.8mm," 220uF",CPLSMSQ260H240,20,6.3V,N/A,C19,UNITED CHEMI CON," APXF6R3ARA221MF61G",REL,N/A,N/A,N/A,N/A,7002892,?,?
8,1,E044777,CAP CER 10UF 25V 20% X7R 2220 1 STACKED  L-LEAD," 10UF",CSML236W197H138,20,25V,N/A,C20,TDK," CKG57KX7R1E106M335JH",REL,N/A,N/A,N/A,N/A,N/A,?,?
9,2,E026618,CAP CER 1uF 25V 10% X5R 0402," 1uF",C0402,10,25V,N/A,"C21,C22",TDK," C1005X5R1E105K050BC",REL,N/A,N/A,N/A,N/A,N/A,?,?
10,2,E042671,CAP CER 10NF 16V 5% X7R 0402," 10NF",C0402,5,16V,N/A,"C9,C23",AVX CORPORATION," 0402YC103JAT2A",REL,N/A,N/A,N/A,N/A,N/A,?,?
11,2,E019219,CAP CER 1uF 16V 10% 0402 LOW ESR," 1uF",C0402,10,16V,N/A,"C8,C24",TDK," C1005X6S1C105K050BC",REL,N/A,N/A,N/A,N/A,7002703,?,?
12,1,E011139,CAP SILICON 4.7pF 25V 0.1pF 0402 AEC-Q200," 4.7pF",C0402,0.1pF,25V,N/A,C26,AVX," 04023J4R7BBSTR",REL,N/A,N/A,N/A,1390_CAB3,7003151,?,?
14,1,E034214,CAP CER 22uF 16V 20% X7R 1210 LOW ESR," 22uF",C1210H106,20,16V,N/A,C28,TDK," C3225X7R1C226M250AC",REL,N/A,N/A,N/A,N/A,N/A,?,?
15,1,E034172,CAP ALUM ORG 220uF 6.3V 20% 2917," 220uF",C7343-43,20,6.3V,N/A,C29,KEMET," A700X227M006ATE010",REL,N/A,N/A,N/A,N/A,N/A,?,?
16,1,E052261,CAP ALUM POLY 22UF 35V 20% 6.3X5.9MM 0.035 OHM 2600MA 5000H," 22UF",CPLSMSQ260H240_A,20,35V,N/A,C6,PANASONIC," 35SVPF22M",REL,N/A,N/A,N/A,N/A,N/A,?,?
17,1,E055314,"CAP CER 4.7UF 16V 20% X5R 0603, AEC-Q200"," 4.7UF",C0603H39,20,16V,N/A,C7,TAIYO YUDEN," EMK107BBJ475MAHT",REL,N/A,N/A,N/A,N/A,N/A,?,?
18,2,E020972,LED GREEN RECT CLEAR," LTST-C193KGKT-5A",LED0603H12,N/A,N/A,0.075W,"DS1,DS2",LITE-ON TECHNOLOGY," LTST-C193KGKT-5A",REL,N/A,N/A,N/A,N/A,N/A,?,?
19,1,E035402,IND SHIELDED POWER CHIP 3.3UH 2.2A 39MHZ 20% 1212," 3.3UH",LSMSQ118H79_A,20,N/A,N/A,L1,WURTH ELEKTRONIK," 74438336033",REL,N/A,N/A,N/A,N/A,N/A,?,?
20,1,E021360,IND FLAT WIRE HIGH CURRENT," 760n(OCL)/600nH",LSMSQ272H197,20,N/A,N/A,L2,WURTH ELEKTRONIK GROUP," 744314076",REL,N/A,N/A,N/A,N/A,N/A,?,?
21,1,E024278,CONN-PCB HIGH SPEED GND PLANE HDR," QTH-030-01-L-D-A",CNHDR2X30H197,N/A,N/A,N/A,P1,SAMTEC," QTH-030-01-L-D-A",REL,N/A,N/A,N/A,N/A,N/A,?,?
22,6,E062322,CONN-PCB 22POS FPC CONNECTOR F POS 0.5MM SOLDER RA SMD," 687122149022",CNWE687122149022,N/A,N/A,N/A,"P6,P8,P9,P10,P12,P16",WURTH ELEKTRONIK," 687122149022",REL,N/A,N/A,N/A,N/A,N/A,?,?
23,6,E000855,CONN-PCB BERG HDR ST MALE 5P," TSW-105-08-G-S",CNBERG1X5H205LD36,N/A,N/A,N/A,"P3,P4,P5,P11,P14,P17",SAMTEC," TSW-105-08-G-S",REL,A012-0003-075,N/A,N/A,N/A,N/A,?,?
24,1,E042497,CONN-PCB USB A 3.0 RCPT RA 2.00MM PITCH," USB-A3-S-RA",CNADAMUSB-A3-S-RA,N/A,N/A,N/A,P13,ADAM TECH," USB-A3-S-RA",REL,N/A,N/A,N/A,N/A,N/A,?,?
25,2,E044179,CONN-PCB 15POS FPC SKT/RECEPTACLE RA 1MM PITCH TOP CONTACT," 1-84953-5",CNTE1-84952-5,N/A,N/A,N/A,"P7,P15",TE CONNECTIVITY," 1-84953-5",REL,N/A,N/A,N/A,N/A,N/A,?,?
26,1,E014016,CONN-PCB RCPT HI-SPD .5MM 60P," QSH-030-01-L-D-A",CNHDR2X30H202,N/A,N/A,N/A,P2,SAMTEC," QSH-030-01-L-D-A",REL,N/A,N/A,N/A,N/A,6002263,?,?
27,4,E018770,TRAN N-CHAN POWER MOSFET," BSS138LT1G",SOT23,N/A,50V,N/A,"Q1,Q2,Q3,Q4",ON SEMICONDUCTOR," BSS138LT1G",REL,N/A,N/A,N/A,N/A,1004217,?,?
28,9,E003438,RES SMD 0 Ohm JUMPER 1/10W 0402 AEC-Q200," 0",R0402,JUMPER,N/A,1/10W,"R1,R2,R4,R5,R6,R36,R37,R38,R39",PANASONIC," ERJ-2GE0R00X",REL,A003-0021-001,N/A,N/A,1138_CAB3,7000282,?,?
29,16,E003751,RES SMD 10K Ohm 1% 1/10W 0402 AEC-Q200," 10K",R0402,1,N/A,1/10W,"R7,R8,R9,R10,R11,R12,R16,R20,R21,R22,R23,R24,R25,R26,R28,R34",PANASONIC," ERJ-2RKF1002X",REL,A003-0035-004,41816DG719,N/A,N/A,7000582,?,?
30,2,E003749,RES SMD 1MEG Ohm 1% 1/10W 0402 AEC-Q200," 1MEG",R0402,1,N/A,1/10W,"R73,R103",PANASONIC," ERJ-2RKF1004X",REL,A003-0035-002,N/A,N/A,1686_CAB3,N/A,?,?
31,2,E024121,RES SMD 243K Ohm 1% 1/16W 0402," 243K",R0402,1,N/A,1/16W,"R97,R104",YAGEO," RC0402FR-07243KL",REL,N/A,N/A,N/A,N/A,N/A,?,?
32,4,E003443,RES SMD 100 Ohm 5% 1/10W 0402 AEC-Q200," 100",R0402,5,N/A,1/10W,"R13,R18,R29,R33",PANASONIC," ERJ-2GEJ101X",REL,N/A,41816JH1183,N/A,N/A,N/A,?,?
35,4,E010034,RES SMD 3.3K Ohm 1% 1/10W 0402 AEC-Q200," 3.3K",R0402,1,50V,1/10W,"R19,R31,R57,R58",PANASONIC," ERJ-2RKF3301X",REL,N/A,N/A,N/A,N/A,7007123,?,?
37,1,E003456,RES SMD 270 Ohm 5% 1/10W 0402 AEC-Q200," 270",R0402,5,N/A,1/10W,R35,PANASONIC," ERJ-2GEJ271X",REL,A003-0021-020,N/A,N/A,N/A,7006993,?,?
38,1,E026989,RES SMD 590 Ohm 1% 1/10W 0402 AEC-Q200," 590",R0402,1,N/A,1/10W,R56,PANASONIC," ERJ-2RKF5900X",REL,N/A,N/A,N/A,N/A,N/A,?,?
39,2,E010424,RES SMD 18.2K Ohm 1% 1/10W 0402 AEC-Q200," 18.2K",R0402,1,33.861V,1/10W,"R66,R96",PANASONIC," ERJ-2RKF1822X",REL,N/A,41816JH1498,N/A,N/A,7006345,?,?
40,2,E033606,RES SMD 309K Ohm 1% 1/16W 0402," 309K",R0402,1,N/A,1/16W,"R72,R74",SAMSUNG," RC1005F3093CS",REL,N/A,N/A,N/A,N/A,N/A,?,?
41,2,E003671,RES SMD 10K Ohm 1% 1/10W 0603 AEC-Q200," 10K",R0603,1,N/A,1/10W,"R91,R95",PANASONIC," ERJ-3EKF1002V",REL,A003-0032-006,N/A,FEC 911-355,1517_CAB3,7000401,?,?
44,2,E005947,SW PC MOUNT SLIDE SWITCH," EG1218",SWEG1218,N/A,N/A,N/A,"S1,S2",E-SWITCH," EG1218",REL,A007-0006-004,N/A,N/A,N/A,7002099,?,?
45,1,E012554,SW SLIDE SPDT GULLWING," CAS-120TB",SWSML213W98H98,N/A,N/A,N/A,S3,NIDEC COPAL ELECTRONICS," CAS-120TB",REL,N/A,N/A,N/A,N/A,6003210,?,?
47,4,E050316,2-BIT DUAL-SUPPLY NON-INVERTING LEVEL TRANSLATOR," NLSV2T244DR2G",SO8NB-5,N/A,N/A,?,"U1,U2,U5,U6",ONSEMI," NLSV2T244DR2G",REL,N/A,N/A,N/A,N/A,N/A,?,?
48,2,E022872,IC-ADI I2C 2CH 2WIRE MUX BUS REPEATER," LTC4312CMS#PBF",MSOP16,N/A,N/A,?,"U3,U7",ANALOG DEVICES," LTC4312CMS#PBF",REL,N/A,N/A,N/A,N/A,N/A,?,?
49,1,E035371,"IC-ADI 42V, 0.75A SYNCHRONOUS STEP-DOWN RELUATOR WUTH 2.5UA QUIESCENT CURRENT"," LT8607EMSE#PBF",MSOP10_PAD1_88X1_68,N/A,N/A,?,U4,ANALOG DEVICES," LT8607EMSE#PBF",REL,N/A,N/A,N/A,N/A,N/A,?,?
50,1,E040094,"IC-ADI 42V, 5A SYNCHRONOUS STEP-DOWN SILENT SWITCHER WITH 2.5UA QUIESCENT CURRENT"," LT8636HV#PBF",LQFN20_4X3_PAD2_65X1_65,N/A,N/A,?,VR1,ANALOG DEVICES," LT8636HV#PBF",REL,N/A,N/A,N/A,N/A,N/A,?,?


The following components are part of the PCB or are NOT to be installed
ITEM#,Qty,WW_PN,DESCRIPTION," VALUE",JEDEC_TYPE,TOL,VOLTAGE,WATTAGE,LOCATION,MFG," MFG_PN",HLM_STATUS,STOCKROOM_WL,STOCKROOM_GT,STOCKROOM_LK,STOCKROOM_GBO,STOCKROOM_NSH,CUSTOM_PART,DNI
 5,1,E007982,CAP CER 10pF 50V 5% C0G 0402," 10pF",C0402,5,50V,N/A,C12,YAGEO," CC0402JRNPO9BN100",REL,A004-0011-015,N/A,N/A,146_BIN2-6A,7002459,?,DNI
 13,1,E011139,CAP SILICON 4.7pF 25V 0.1pF 0402 AEC-Q200," 4.7pF",C0402,0.1pF,25V,N/A,C27,AVX," 04023J4R7BBSTR",REL,N/A,N/A,N/A,1390_CAB3,7003151,?,DNI
 33,4,E003443,RES SMD 100 Ohm 5% 1/10W 0402 AEC-Q200," 100",R0402,5,N/A,1/10W,"R14,R17,R30,R32",PANASONIC," ERJ-2GEJ101X",REL,N/A,41816JH1183,N/A,N/A,N/A,?,DNI
 34,18,E003751,RES SMD 10K Ohm 1% 1/10W 0402 AEC-Q200," 10K",R0402,1,N/A,1/10W,"R15,R27,R44,R45,R46,R47,R48,R49,R50,R51,R79,R80,R81,R82,R83,R84,R85,R86",PANASONIC," ERJ-2RKF1002X",REL,A003-0035-004,41816DG719,N/A,N/A,7000582,?,DNI
 36,1,E003438,RES SMD 0 Ohm JUMPER 1/10W 0402 AEC-Q200," 0",R0402,JUMPER,N/A,1/10W,R3,PANASONIC," ERJ-2GE0R00X",REL,A003-0021-001,N/A,N/A,1138_CAB3,7000282,?,DNI
 42,1,E003671,RES SMD 10K Ohm 1% 1/10W 0603 AEC-Q200," 10K",R0603,1,N/A,1/10W,R92,PANASONIC," ERJ-3EKF1002V",REL,A003-0032-006,N/A,FEC 911-355,1517_CAB3,7000401,?,DNI
 43,2,E024121,RES SMD 243K Ohm 1% 1/16W 0402," 243K",R0402,1,N/A,1/16W,"R93,R94",YAGEO," RC0402FR-07243KL",REL,N/A,N/A,N/A,N/A,N/A,?,DNI
 46,19,E006581,CONN-PCB PIN RECEPTACLE," 31023-00-15-00-00-08-0",MILLMAX3102,N/A,N/A,N/A,"TP1,TP2,TP3,TP4,TP5,TP6,TP7,TP8,TP9,TP10,TP11,TP12,TP13,TP14,TP15,TP16,TP17,TP18,TP19",MILL-MAX," 3102-3-00-15-00-00-08-0",REL,N/A,N/A,N/A,N/A,6001555,?,DNI

